First Name,Second Name,Age (Years),Sex,Vehicle Make,Vehicle Model,Vehicle Year
Chelsea,Harris,72,Female,GMC,Maxima,2020
Jasmine,Ward,87,Female,INFINITI,M3,2008
Leanne,Hooper,18,Female,Chevrolet,Acadia,1996
Jonathan,Palmer,55,Male,Toyota,MKZ,1994
James,Robson,74,Male,Jeep,XL7,2017
Josh,Boyle,33,Male,Volkswagen,DeVille,2003
Emma,Harris,34,Female,Dodge,Celica,2014
Shirley,Preston,50,Female,Land Rover,Vantage,2020
Abbie,Campbell,25,Female,Genesis,Continental,2000
Nathan,Evans,20,Male,Ford,Range Rover Sport,2009
Rebecca,Thompson,54,Female,Kia,Compass,2009
Lewis,Roberts,88,Male,Nissan,RX,2013
Michael,Walsh,71,Male,Nissan,Venza,2016
Derek,Morgan,28,Male,Hyundai,Crown Victoria,2001
Valerie,Hobbs,32,Female,Toyota,Express 2500 Passenger,2018
Sara,Williams,83,Female,Acura,GLC,2016
Sheila,Jones,37,Female,Ford,488 GTB,1994
Patricia,Dixon,53,Female,Ford,Mark VIII,2016
Jack,Russell,80,Male,Kia,CR-Z,1993
Abbie,Hargreaves,90,Female,Cadillac,Savana 1500 Passenger,2003
Jill,Dobson,66,Female,Chevrolet,ZX2,2017
Eleanor,Campbell,66,Female,Nissan,9-2X,2004
Martin,Evans,50,Male,GMC,G-Class,2007
Kelly,Bailey,86,Female,Lexus,Rogue Sport,2013
James,Wright,29,Male,GMC,Colorado Regular Cab,1996
Shannon,Davies,52,Female,Nissan,Impreza,2014
Leah,Harrison,26,Female,Ford,Savana 3500 Cargo,2010
Albert,Forster,78,Male,Lotus,Sportage,2005
Margaret,Matthews,82,Female,Subaru,H3,1997
Carly,Lewis,59,Female,Ford,Golf SportWagen,2007
Katie,Clarke,44,Female,Ram,B-Series Regular Cab,2014
Vincent,Matthews,35,Male,Nissan,Brooklands,2012
Nicola,Winter,23,Female,Oldsmobile,Mirage G4,2006
Jessica,Edwards,19,Female,Porsche,Corolla,2013
Carole,Thompson,78,Female,Oldsmobile,370Z,1998
Lindsey,Holland,47,Female,MINI,IS F,2020
Beverley,Barry,27,Female,Chevrolet,Canyon Regular Cab,2020
Gareth,Stokes,22,Male,Volkswagen,Grand Prix,1992
Sharon,Adams,45,Female,Ford,Silverado 1500 Extended Cab,2009
Charlene,Richardson,26,Female,Kia,5-Sep,1995
Alison,Williams,21,Female,Hyundai,Caravan Passenger,1995
Timothy,Godfrey,34,Male,Kia,Sportage,2004
Hannah,Smart,60,Female,Audi,Thunderbird,2002
Benjamin,Hope,61,Male,Chevrolet,Q7,1999
Natalie,Taylor,74,Female,Ford,Element,1997
Wendy,Kelly,25,Female,Nissan,Patriot,1995
Lydia,Cameron,70,Female,Chevrolet,Ram 3500 Quad Cab,2020
Lauren,Carr,28,Female,INFINITI,Grand Cherokee,2013
Robert,Brown,25,Male,Toyota,TL,1995
Abbie,Clark,39,Female,Mitsubishi,RLX Sport Hybrid,2017
Sean,Moore,65,Male,BMW,Silverado 2500 HD Crew Cab,2004
Douglas,Evans,66,Male,GMC,F150 Super Cab,2015
Lorraine,Johnson,50,Female,Ram,Optima,1994
Suzanne,Smith,81,Female,Chrysler,Traverse,1995
Daniel,Bull,46,Male,Mercedes-Benz,WRX,2017
Gemma,Davies,73,Female,Toyota,Tundra Double Cab,2013
Adam,Collier,83,Male,MINI,Cabrio (New),2017
Helen,Ryan,30,Female,Hyundai,E150 Cargo,2006
William,Wright,48,Male,Volkswagen,Rodeo,2009
Melissa,Wells,84,Female,Oldsmobile,Corolla,1999
Lisa,May,72,Female,Chevrolet,Navajo,1995
Abbie,O'Sullivan,56,Female,Chevrolet,F250 Super Duty Regular Cab,2018
Cheryl,Davidson,25,Female,Porsche,SLK-Class,2008
Jessica,Barker,81,Female,INFINITI,Ram Van 1500,2017
Jay,Scott,67,Male,Saturn,Explorer Sport Trac,2011
Tracey,Clayton,77,Female,Mercedes-Benz,Prizm,2016
Marian,Taylor,23,Female,Ford,Quest,2018
Charlie,Davis,65,Male,Nissan,Sierra 1500 HD Crew Cab,2007
Carl,Burns,72,Male,Chevrolet,NV3500 HD Cargo,2015
Margaret,Wade,35,Female,Cadillac,Outback,2018
Anne,Dickinson,65,Female,Buick,Trans Sport,2013
Hollie,Edwards,80,Female,BMW,Prius,1995
Joan,Mitchell,20,Female,Honda,Viper,2000
Olivia,Hawkins,73,Female,Acura,Sprinter 2500 Cargo,1994
Terry,Singh,68,Male,Chevrolet,SC,2000
Joanna,Heath,24,Female,BMW,CLS,2013
Margaret,Garner,62,Female,MAZDA,Soul EV,2002
Lydia,Burton,27,Female,MAZDA,Voyager,2000
Sara,Price,66,Female,Ford,Previa,2017
Phillip,Turnbull,89,Male,Hyundai,Compass,1994
Sally,Fox,29,Female,Chevrolet,Talon,2006
Frederick,Jones,68,Male,Kia,fortwo,1995
Bethany,Woods,35,Female,Ford,Corvette,2003
Molly,Lambert,19,Female,Volvo,Accord,2000
Joshua,Ward,81,Male,GMC,T100 Regular Cab,2009
Ross,Watts,51,Male,Plymouth,Hardtop 4 Door,2010
Abigail,Barlow,67,Female,Chevrolet,Sequoia,2016
Declan,Patel,38,Male,Ford,Sentra,2014
Diane,Jones,79,Female,Audi,Charade,2007
Bernard,Turner,59,Male,Acura,Quattroporte,1997
Catherine,Jones,83,Female,Cadillac,Passat,2003
Christopher,Saunders,48,Male,Jaguar,F350 Super Duty Regular Cab,2008
Samuel,Rose,40,Male,Lexus,E350 Super Duty Passenger,1998
Terence,Carter,23,Male,Hyundai,MKX,2005
Alan,Cook,76,Male,Dodge,TITAN XD Single Cab,2002
Charles,Griffiths,36,Male,Dodge,7 Series,2020
Samantha,Fleming,56,Female,Ford,Ranger Super Cab,2017
Jayne,Murphy,53,Female,Acura,XC40,2015
Angela,Mitchell,83,Female,Volkswagen,Navajo,2010
Barbara,Kay,20,Female,Volkswagen,Q,1997
Margaret,Davis,21,Female,Honda,Silverado 2500 HD Extended Cab,2000
Gail,Hodgson,41,Female,Nissan,Grand Cherokee,1997
Graeme,Frost,56,Male,Scion,XL-7,2017
Billy,Jennings,65,Male,Mercedes-Benz,Roadmaster,2010
Joe,Hall,67,Male,Mitsubishi,Rodeo,2014
Linda,Harper,33,Female,Porsche,Cobalt,2015
Maria,Reynolds,26,Female,Suzuki,Cherokee,2000
Dean,Adams,78,Male,Hyundai,626,2015
Lauren,Dickinson,82,Female,Ram,F150 SuperCrew Cab,2010
Grace,Macdonald,23,Female,BMW,Monte Carlo,2017
Cameron,Wood,51,Male,Honda,3500 Crew Cab,2019
Mary,Williams,36,Female,Scion,Versa Note,2020
Lesley,Smith,58,Female,Ford,Eurovan,1999
Annette,Chambers,88,Female,Subaru,QX60,2012
Stacey,Moss,45,Female,Ford,allroad,1999
Molly,Baker,75,Female,Mitsubishi,M,2015
Bryan,Dunn,42,Male,Dodge,XJ,2000
Hayley,Walters,67,Female,Dodge,Savana 1500 Passenger,2002
Scott,Bailey,52,Male,Volvo,F350 Super Duty Super Cab,2007
Wendy,Khan,38,Female,MAZDA,Canyon Extended Cab,2003
Malcolm,Patel,20,Male,Audi,Sierra 2500 Extended Cab,2003
Rosie,Bradshaw,56,Female,MAZDA,Avalanche 2500,2014
Jason,Hammond,23,Male,INFINITI,Yaris,2002
Stuart,Davidson,53,Male,BMW,Firebird,2004
Jennifer,Cox,49,Female,BMW,DB9,2011
Derek,Thompson,85,Male,Nissan,370Z,2016
Shannon,Brooks,37,Female,Mercedes-Benz,Topaz,2008
Sharon,Scott,66,Female,Cadillac,Panamera,1993
Tracy,Parsons,24,Female,Dodge,Sprinter 2500 Cargo,1994
Rachael,Greenwood,73,Female,Buick,Astro Cargo,1992
Geraldine,Bolton,41,Female,Maserati,M6,2015
Bethan,Roberts,64,Female,GMC,Rogue,2016
Sian,Moore,22,Female,GMC,G6,2013
Patricia,Reid,84,Female,INFINITI,Ranger Super Cab,2002
Iain,Lee,40,Male,Ford,Land Cruiser,1992
Caroline,Gray,37,Female,Audi,Stealth,2015
Frances,Butcher,79,Female,Audi,GX,1993
Scott,Gill,53,Male,Ford,Sprinter 2500 Crew,2010
Shane,Carey,47,Male,Volvo,Colorado Extended Cab,2002
Eleanor,Jarvis,81,Female,Volkswagen,Taurus,2005
Jemma,Harris,65,Female,Mitsubishi,Express 3500 Passenger,1994
Lee,Walker,44,Male,Chevrolet,H3,2011
Ricky,Mitchell,85,Male,Cadillac,Cadenza,2012
Anne,Walker,63,Female,Mercedes-Benz,CTS-V,1999
Kathleen,Taylor,84,Female,Audi,Sierra 2500 HD Double Cab,2015
Shane,Martin,64,Male,Honda,Achieva,2015
Tom,Harrison,18,Male,Buick,88,2012
Rosie,Welch,42,Female,GMC,XG350,1992
Lindsey,Gibbons,67,Female,Hyundai,Leganza,2020
Anne,Barker,76,Female,Chrysler,fortwo cabrio,2013
Georgina,Fry,19,Female,Dodge,IS F,2000
Hugh,Howard,33,Male,Cadillac,Express 2500 Passenger,2017
Shirley,Rogers,52,Female,Nissan,Impreza,2016
Rachel,Evans,37,Female,Jeep,S2000,2000
Linda,Moran,67,Female,Mercedes-Benz,Sierra 1500 Extended Cab,1994
Eleanor,Fisher,20,Female,BMW,Flex,1999
Oliver,Newman,24,Male,Mercedes-Benz,Boxster,2014
Joanna,Pearson,77,Female,Volvo,Sentra,2011
Dominic,Phillips,78,Male,Jeep,Sonic,2005
Yvonne,Anderson,51,Female,Volvo,CL-Class,2010
Anna,Robertson,52,Female,Nissan,Grand Cherokee,1999
Nicholas,Bryant,78,Male,Subaru,Q3,2014
Steven,Lewis,60,Male,GMC,Silhouette,2004
Eric,Allen,51,Male,Pontiac,929,1993
Marcus,Nash,74,Male,Isuzu,Tacoma Regular Cab,2020
Alexander,Freeman,51,Male,Ford,GTI,1999
Natalie,Wallis,80,Female,Chrysler,Express 2500 Passenger,2003
Francesca,Kay,54,Female,Panoz,E250 Cargo,2019
Joan,Burrows,18,Female,Volvo,Matrix,2009
Gillian,Oliver,26,Female,Scion,5 Series,2013
Jeffrey,Young,81,Male,Ford,Sorento,2018
Donald,Lee,56,Male,Buick,Grand Prix,2013
Chelsea,Watson,31,Female,Lexus,Navajo,2018
Dale,Berry,82,Male,Jeep,Alero,2020
June,Jackson,65,Female,Mitsubishi,Navigator,2018
Sara,Griffin,21,Female,GMC,F150 SuperCrew Cab,1998
Gail,Smith,91,Female,Ford,NSX,1999
Josh,Walker,50,Male,Chevrolet,Rapide S,2015
Paige,Higgins,63,Female,Suzuki,Ram 2500 Crew Cab,2000
Pauline,Nicholls,45,Female,Chevrolet,Sebring,2008
Anna,Duffy,71,Female,GMC,M6,2009
Hazel,Higgins,35,Female,Mitsubishi,Silverado 3500 Regular Cab,2007
Gareth,Buckley,38,Male,Cadillac,Expedition EL,2005
Marilyn,Tomlinson,26,Female,Toyota,Silverado 2500 Regular Cab,2012
Kim,McKenzie,68,Female,Ford,Pacifica,2019
Jordan,Reynolds,36,Male,Plymouth,DBS,1995
Mohammad,Miller,67,Male,GMC,B-Series Regular Cab,2017
Gordon,Howells,37,Male,Mercedes-Benz,Prius Prime,1997
Charlotte,Lewis,44,Female,Toyota,Ranger Regular Cab,2011
Paul,Peacock,19,Male,Chevrolet,XLR,2012
Karen,Hardy,84,Female,Honda,Lancer,2009
Katie,Davis,53,Female,Mercury,Legend,1995
Gerard,Woods,28,Male,Hyundai,Camaro,2013
Amanda,Morgan,40,Female,Daewoo,Sprinter 3500 Cargo,2010
Jason,Barker,20,Male,Toyota,Grand Cherokee,2008
Valerie,Williams,45,Female,Kia,Savana 3500 Passenger,2019
Darren,Carpenter,36,Male,Chevrolet,626,1993
Lauren,Fletcher,65,Female,Volvo,Ram 3500 Mega Cab,2003
Angela,Stokes,53,Female,Honda,Silverado 3500 Regular Cab,2020
Marc,Wilkinson,54,Male,Ford,S-Class,2009
Keith,Owen,81,Male,Ford,Ram 1500 Regular Cab,1992
Helen,Hughes,39,Female,Chevrolet,Challenger,2014
Lindsey,Nolan,77,Female,INFINITI,M-Class,2009
Eleanor,Young,41,Female,Ferrari,Range Rover,1996
Melanie,Andrews,63,Female,Chevrolet,Intrepid,2006
Zoe,Woods,44,Female,Panoz,TSX,2010
Zoe,Phillips,91,Female,Chevrolet,8 Series,1993
Nicola,Coates,43,Female,Chevrolet,Cabriolet,2015
Graham,Turner,89,Male,Lexus,Optima Hybrid,2018
Bethany,Williamson,62,Female,Toyota,TL,2001
Rachael,Little,90,Female,MAZDA,Crown Victoria,2011
Graeme,Storey,36,Male,Tesla,Sierra 3500 Regular Cab,2000
Benjamin,Humphries,62,Male,Chevrolet,Navigator L,2001
Jordan,Shah,57,Male,Ford,G70,2010
Zoe,Chapman,51,Female,Dodge,M-Class,1995
Ian,Ashton,22,Male,Chevrolet,Galant,2017
Eleanor,Ball,21,Female,Ferrari,Neon,1993
Melanie,Gray,74,Female,Kia,Quattroporte,2017
Rita,Williams,22,Female,Pontiac,Sienna,2019
Tina,Johnson,31,Female,Ford,Outback,2004
Roger,Davison,38,Male,Chevrolet,Sprinter 2500 Passenger,2016
Luke,Patterson,62,Male,Chevrolet,X5 M,2001
Stephanie,Booth,28,Female,Dodge,Suburban 1500,2000
Josh,Finch,37,Male,Audi,Sidekick,1993
Claire,Brown,73,Female,Honda,Amigo,2013
Thomas,Thompson,33,Male,Dodge,Q,2010
Fiona,Smith,62,Female,Audi,124 Spider,1993
Grace,Byrne,28,Female,Mitsubishi,F350 Regular Cab,2006
Caroline,Faulkner,20,Female,Ferrari,Forte5,2015
Nicholas,Webster,76,Male,Ford,Range Rover,2002
Reece,Barrett,62,Male,Lexus,F250 Super Duty Super Cab,2019
Gemma,Rose,43,Female,Toyota,Tacoma Regular Cab,1996
Robert,Green,48,Male,Lexus,M3,2001
Damian,Morgan,22,Male,Dodge,Sentra,2007
Louise,Chapman,75,Female,Toyota,62,2015
Brenda,Parsons,73,Female,Hyundai,Cirrus,1997
Brenda,Scott,86,Female,Honda,Continental,1996
Linda,Doyle,68,Female,Nissan,NV200,1993
Amber,Parker,44,Female,Mitsubishi,Tacoma Xtracab,1999
Christopher,Pearson,35,Male,Chevrolet,NX,2006
Leigh,Palmer,44,Male,GMC,T100 Regular Cab,2020
Nigel,Swift,67,Male,Suzuki,Wrangler,2014
Craig,Stephens,63,Male,Volvo,A8,2018
Alice,Wilson,70,Female,Ford,Justy,2013
Alex,Newton,74,Male,BMW,MDX,2006
Melanie,Richardson,69,Female,MAZDA,FJ Cruiser,2015
Bernard,Knight,39,Male,Dodge,Explorer Sport Trac,2019
Stuart,Stewart,56,Male,Lexus,Ranger Regular Cab,1996
Danielle,Bell,67,Female,Land Rover,9000,2014
Allan,Hill,38,Male,Ford,ProMaster Window Van,2009
Deborah,McCarthy,28,Female,Chrysler,Quattro,2009
Leslie,Dyer,86,Male,Mercury,Civic,2020
Rosemary,Fletcher,64,Female,Subaru,Montana SV6,2000
Oliver,Smith,20,Male,HUMMER,Sprinter 2500 Crew,2000
Leonard,Hewitt,58,Male,Aston Martin,Elantra,2011
Bernard,Evans,37,Male,Toyota,ZDX,2012
Mohamed,Evans,71,Male,BMW,Fit,2009
Jay,Taylor,44,Male,Audi,Ranger Regular Cab,2014
Garry,Gregory,56,Male,Porsche,S6,2005
Maureen,Connor,34,Female,Alfa Romeo,Corolla,2013
Marion,Armstrong,83,Female,GMC,G-Class,2020
Rachael,Dixon,69,Female,Chevrolet,Express 1500 Passenger,2007
Grace,Roberts,31,Female,Porsche,A5,2001
Neil,Smith,61,Male,Nissan,Sierra 1500 Extended Cab,1994
Dorothy,Pearce,51,Female,Buick,Diamante,1997
Stewart,Manning,37,Male,Toyota,F150 Regular Cab,2011
Kayleigh,Sinclair,33,Female,Mitsubishi,MPV,2003
Graham,Davies,76,Male,Audi,Coupe,2008
Ruth,Martin,18,Female,Ford,F350 Super Duty Regular Cab,1994
Conor,Hunt,90,Male,Dodge,Q5,2017
Joan,Cunningham,87,Female,INFINITI,Q7,1994
Aaron,Roberts,68,Male,Porsche,Xterra,2018
Dawn,Williamson,36,Female,Mercedes-Benz,Navigator,2020
Alexandra,Watkins,35,Female,Nissan,Lucerne,2004
Stuart,Collins,39,Male,Chevrolet,Villager,2015
Donald,Rowley,70,Male,Dodge,MR2,2020
Pamela,Griffin,55,Female,Ford,SSR,2016
Melissa,Taylor,50,Female,Lincoln,GLC,2014
Benjamin,Dixon,73,Male,Toyota,XTS,2008
Keith,Graham,46,Male,Isuzu,Solara,2002
Hollie,Hill,27,Female,Saturn,Crosstour,1993
Deborah,Patel,74,Female,Kia,F-TYPE,2013
Alan,Turner,55,Male,GMC,Transit Connect Passenger,2000
Karen,Grant,47,Female,Subaru,Azera,2009
Leigh,Mills,70,Male,Daewoo,Baja,2000
Rachael,Knight,32,Female,Mercedes-Benz,Ram Wagon 3500,2007
Jenna,Kerr,19,Female,Buick,H1,2000
Joyce,West,45,Female,Dodge,Eurovan,2016
Joshua,Slater,82,Male,BMW,Corvette,2001
Laura,Patel,32,Female,Toyota,Rally Wagon G3500,2010
Julian,Armstrong,58,Male,Mitsubishi,LX,2018
Scott,Parsons,55,Male,Buick,7 Series,2007
Megan,Sanderson,65,Female,Volvo,Yukon XL 2500,2010
Natasha,Shah,28,Female,Chevrolet,RX,1998
Liam,James,29,Male,Suzuki,LX,2008
Mohammed,Dixon,27,Male,BMW,LX,2018
Katy,Khan,32,Female,Jeep,Celica,1992
Stuart,Banks,83,Male,Chevrolet,E150 Cargo,2014
Stephen,Palmer,38,Male,Mercury,Millenia,2014
Megan,Brooks,37,Female,Nissan,500 E,2004
Geraldine,Perkins,56,Female,Chevrolet,Compass,1995
Gemma,Stephenson,34,Female,GMC,Patriot,2011
Nicola,Sims,76,Female,Bentley,Aerostar Cargo,1993
Kenneth,Jackson,61,Male,Hyundai,Elantra,2012
Wendy,Jones,41,Female,Dodge,Brougham,1999
Stewart,James,69,Male,Subaru,G-Series G20,2016
Denise,Rowley,30,Female,MAZDA,Murano,2009
Abdul,Gill,82,Male,Mercedes-Benz,Sentra,2010
Scott,Kennedy,55,Male,Mitsubishi,57,2003
Judith,Kelly,45,Female,Chevrolet,LX,2017
Angela,Bolton,35,Female,Kia,Silverado 1500 Double Cab,2014
Glen,Buckley,30,Male,Acura,Grand Am,2002
Rebecca,Vaughan,45,Female,Nissan,Ranger Super Cab,2002
Kathryn,Smart,70,Female,Toyota,Colorado Crew Cab,2003
Frederick,Bradley,83,Male,Subaru,XK,2017
Malcolm,McCarthy,35,Male,Ford,Trooper,1999
Stanley,Kaur,30,Male,Hyundai,Envoy XUV,2011
Lynn,O'Brien,74,Female,Ford,JUKE,2007
Benjamin,Young,77,Male,Nissan,Venza,2007
Bethany,Miller,80,Female,Toyota,Ascender,2010
Sian,Morris,36,Female,Toyota,Sierra 1500 Regular Cab,2015
Douglas,Williams,67,Male,Chevrolet,Sierra (Classic) 3500 Crew Cab,2019
Diana,Akhtar,84,Female,Hyundai,Sonata,2000
Tom,Wilson,42,Male,Jaguar,X4,2014
Mathew,Hughes,29,Male,Chevrolet,Sequoia,2020
Howard,Roberts,59,Male,Acura,500,2007
Joseph,Francis,29,Male,Chevrolet,Savana 1500 Cargo,2009
Jasmine,Taylor,61,Female,Saturn,Volt,2002
Richard,Jones,57,Male,Audi,Silverado 3500 HD Crew Cab,1997
Charlene,Richardson,70,Female,Chevrolet,Exige,2020
Mary,Martin,73,Female,Dodge,Pathfinder,2000
Valerie,Parsons,37,Female,Jaguar,ATS,2003
Harriet,Williamson,57,Female,Geo,Accent,2018
Samuel,Hunt,49,Male,GMC,Scoupe,1993
Colin,Brown,72,Male,Ford,E250 Super Duty Cargo,2002
Derek,Thornton,57,Male,BMW,Suburban 1500,2020
Irene,King,46,Female,Mitsubishi,57,1998
Bruce,Davies,28,Male,Toyota,Highlander,2001
Jean,Nash,26,Female,Toyota,S5,2001
Elliott,Hawkins,68,Male,Porsche,Suburban 1500,2008
Mathew,Dyer,43,Male,Honda,Integra,2002
Harry,Wallis,54,Male,Nissan,Sonata,2012
Valerie,Slater,65,Female,Audi,LR2,2006
Anna,Davies,19,Female,Mercedes-Benz,Trooper,2007
Sam,Griffiths,31,Male,Audi,MKZ,1993
Patricia,King,71,Female,Ford,CT6,2014
Owen,Townsend,33,Male,Mercedes-Benz,ES,2015
Christian,Jones,57,Male,Hyundai,Forester,2003
Robert,Graham,45,Male,Nissan,TL,2016
Lawrence,Bond,19,Male,Acura,Thunderbird,2019
Lee,Wood,69,Male,Lincoln,ES,2013
Marie,Harris,84,Female,Hyundai,3500 Mega Cab,2011
Shirley,Williams,79,Female,MINI,Colorado Regular Cab,2004
Sylvia,Bishop,41,Female,MAZDA,Silverado 2500 Extended Cab,2009
Christine,Todd,28,Female,Oldsmobile,V60,2018
Maureen,Scott,43,Female,GMC,WRX,2008
Stephanie,Murphy,53,Female,Toyota,Golf,2003
Joe,Smith,54,Male,Nissan,Econoline E150 Passenger,2013
Lydia,Wright,88,Female,Isuzu,MKX,2007
Marie,Davis,74,Female,Volvo,Ram 2500 Quad Cab,2007
Stacey,Jenkins,69,Female,Saturn,Ram 2500 Club Cab,2001
Patrick,Jones,59,Male,Ford,Defender 110,1998
Eileen,Kirby,18,Female,Bentley,RX-8,1999
William,Pearson,65,Male,Volvo,Transit 150 Wagon,2016
Rachael,Bibi,29,Female,Oldsmobile,Corvette,1994
Angela,Evans,24,Female,Hyundai,Spacecab,1995
Louise,Wilson,72,Female,Lincoln,Aveo,2010
Paige,Parker,75,Female,Chevrolet,Concorde,2002
Scott,Davison,78,Male,Daewoo,Ram Van B150,2000
Tom,Hewitt,79,Male,GMC,Ram 1500 Regular Cab,2007
Jamie,Gregory,49,Male,Jeep,Tacoma Access Cab,2015
Nathan,Fowler,18,Male,Mercedes-Benz,Land Cruiser,2005
Zoe,Jones,87,Female,Ford,Sprinter 3500 XD Cargo,2013
Carly,Jackson,45,Female,Suzuki,Celica,1993
Denis,Mason,46,Male,Volvo,Malibu,1998
Helen,Robinson,69,Female,Hyundai,3500 Crew Cab,2008
Joan,Brennan,27,Female,Pontiac,Cooper,2003
Bernard,Armstrong,74,Male,Mercedes-Benz,Eclipse,2002
Nathan,Hall,18,Male,Audi,Baja,2004
Ben,Wilson,70,Male,Mercedes-Benz,Flex,1996
Gordon,Griffiths,37,Male,Volvo,G,2013
Leigh,McCarthy,20,Male,Ford,Intrigue,2016
Rosie,Wells,53,Female,Hyundai,PT Cruiser,2017
Michelle,Berry,83,Female,Volvo,Sierra 2500 Crew Cab,2016
Nathan,Hunter,67,Male,Toyota,D350 Regular Cab,1993
Karen,Thomas,82,Female,MINI,Town & Country,2011
Kerry,O'Donnell,37,Female,Mitsubishi,7 Series,2010
Russell,Khan,66,Male,MAZDA,Equinox,1992
Rachael,Finch,54,Female,Ford,CX-9,2013
Michael,Wall,57,Male,Suzuki,E-Class,1999
Susan,Hunt,31,Female,Chevrolet,3 Series,1996
Valerie,Akhtar,43,Female,GMC,Rendezvous,1999
Frank,Hooper,24,Male,Dodge,Aveo,1995
Sharon,Gill,38,Female,Chevrolet,Expo,1992
Rebecca,Taylor,28,Female,Audi,Milan,2019
Leah,Graham,45,Female,Lincoln,Suburban 1500,2003
Sandra,Smith,36,Female,Nissan,G6,1994
Elliot,Webster,60,Male,Lexus,MDX,2019
Graham,Ashton,91,Male,Jaguar,Justy,2009
Julian,Walsh,71,Male,GMC,MDX,2012
Mitchell,Dawson,54,Male,Geo,3 Series,2006
Beverley,Fisher,73,Female,McLaren,LR2,2004
Nathan,Heath,52,Male,Toyota,XT4,2015
Iain,McDonald,34,Male,Geo,Silverado 2500 HD Double Cab,2017
Hilary,Thompson,63,Female,Cadillac,Solara,2011
Rhys,Jones,43,Male,Mercedes-Benz,Express 2500 Passenger,2005
Shannon,Jones,18,Female,Chevrolet,Cherokee,1995
Bethany,Poole,22,Female,Chevrolet,XK,2015
Georgina,Bishop,20,Female,Chevrolet,Ram 1500 Regular Cab,1996
Jamie,Matthews,28,Male,Cadillac,RAV4,1993
Kate,Adams,21,Female,Dodge,iQ,2003
Irene,Ford,20,Female,Ford,612 Scaglietti,2019
Barry,Martin,80,Male,Chevrolet,5-Sep,1994
Jemma,Tucker,78,Female,Ford,3500 Club Coupe,2018
Aaron,Carroll,86,Male,Dodge,CX-9,1992
Lisa,Wilson,45,Female,Pontiac,Bravada,2002
George,Turnbull,24,Male,Dodge,Stratus,2002
Leanne,Greenwood,61,Female,Hyundai,Monterey,2006
Jennifer,Roberts,82,Female,Ford,Express 1500 Passenger,2013
Emily,Taylor,79,Female,Chevrolet,Cherokee,2003
Annette,Fry,20,Female,Cadillac,Ram 3500 Regular Cab,2014
Edward,Dawson,91,Male,Jaguar,Traverse,2014
Marie,Walsh,90,Female,GMC,WRX,2019
Naomi,Brown,77,Female,Cadillac,GLA,2020
Matthew,Bibi,19,Male,Chevrolet,H1,2015
Paula,Gibson,45,Female,MAZDA,S4,1992
Roger,Clarke,38,Male,Isuzu,Titan Crew Cab,2007
Colin,Thomas,29,Male,Buick,S-Class,2000
Shane,Morgan,43,Male,Mercedes-Benz,Silverado 3500 Crew Cab,2002
Josh,Bennett,76,Male,Subaru,A3,2013
Christian,Clark,24,Male,Pontiac,Tahoe,2003
Jodie,Carr,39,Female,Porsche,Sierra 3500 HD Crew Cab,2013
Rosemary,Peters,62,Female,Hyundai,Optima Plug-in Hybrid,2014
Dawn,Pearson,52,Female,Mercedes-Benz,Corvette,2018
Joanne,Wood,28,Female,Mitsubishi,MAZDA5,2006
Donna,Walker,62,Female,Tesla,F250 Super Duty Super Cab,2014
Lynn,Ellis,69,Female,Dodge,TITAN XD Crew Cab,2015
Shane,Marshall,57,Male,Dodge,Sentra,2016
Declan,Roberts,75,Male,Volvo,A4 allroad,2000
Rosemary,Williams,50,Female,Kia,F150 Super Cab,1994
Charlotte,Perry,28,Female,Chrysler,Odyssey,1998
Gary,Rose,50,Male,GMC,Firebird,2010
Denis,Goddard,70,Male,GMC,B-Series Regular Cab,2007
Mark,Webb,25,Male,Cadillac,F-TYPE,2001
Pamela,Richardson,41,Female,Acura,G80,2016
Frances,Lee,83,Female,Mercedes-Benz,E350 Super Duty Passenger,2004
Steven,Vincent,58,Male,Ford,S-Type,2011
Danielle,Cunningham,76,Female,Ford,911,2015
Emma,Whitehouse,41,Female,Ford,C-Class,2000
Barbara,Reid,61,Female,GMC,F150 Super Cab,2014
Andrea,Bull,60,Female,Mitsubishi,Voyager,1998
Benjamin,Evans,32,Male,Porsche,Colorado Crew Cab,2007
Toby,Brown,49,Male,smart,Montero Sport,2014
Katie,Richards,78,Female,Mitsubishi,Range Rover,2015
Abbie,Ball,76,Female,Acura,5 Series,2006
Jay,Davidson,80,Male,Chevrolet,Sierra 1500 Regular Cab,1998
Frank,Watson,18,Male,Dodge,Sonoma Regular Cab,2003
Barbara,Ward,86,Female,Jaguar,Expedition,1997
Stewart,Williams,50,Male,Hyundai,Econoline E150 Cargo,1998
Elaine,Richardson,72,Female,Volvo,Trooper,2003
Jonathan,O'Brien,68,Male,Ford,2500 HD Extended Cab,2004
Debra,Johnson,38,Female,Hyundai,Grand Marquis,2005
Ruth,Douglas,82,Female,Nissan,Silverado 2500 HD Regular Cab,2019
Gary,Greenwood,63,Male,Volvo,Captiva Sport,2008
Karl,Hicks,21,Male,Saab,Avalon,2019
Christine,Cook,32,Female,Toyota,Mercedes-AMG GLC,1992
Peter,Howells,48,Male,Cadillac,California,2013
Wayne,Morris,69,Male,INFINITI,G,1994
Kelly,Ali,52,Female,Dodge,M6,1995
Megan,Thomson,36,Female,Dodge,MAZDA6,2003
June,Evans,59,Female,Nissan,RDX,2007
Lucy,Bennett,18,Female,Lincoln,SL-Class,1993
Brandon,Baker,66,Male,Chevrolet,Navigator,2013
Adrian,Preston,41,Male,Lexus,Taurus,1992
Francesca,Lee,74,Female,Mitsubishi,MX-5 Miata,2007
Damian,Marshall,63,Male,GMC,F350 Super Duty Regular Cab,2019
Shaun,Thorpe,75,Male,Chevrolet,Ram Wagon B350,2013
Geraldine,Nicholls,45,Female,Ford,Convertible,2010
Dennis,Craig,75,Male,Nissan,Golf,2016
Clare,Cartwright,43,Female,Volkswagen,Flying Spur,2016
Lucy,Hilton,49,Female,Aston Martin,Clubman,2018
Kathryn,Bird,37,Female,Dodge,XLR,1994
Joyce,Shaw,32,Female,GMC,A3,1992
Dennis,Barrett,89,Male,BMW,Edge,2018
Ross,Khan,74,Male,Jaguar,Silverado 2500 HD Crew Cab,2010
Jack,Garner,66,Male,Toyota,Regular Cab,2008
Marian,Cooper,71,Female,Dodge,675LT,1996
Julian,Holmes,60,Male,Toyota,Aveo,2011
Hazel,Kay,38,Female,Maybach,S7,2007
Lynne,Robinson,51,Female,Nissan,Tacoma Xtracab,2001
Dominic,Page,23,Male,Kia,TLX,2017
Lucy,Hutchinson,36,Female,INFINITI,Highlander,2009
Naomi,McKenzie,50,Female,Nissan,Titan Crew Cab,1992
Jayne,West,43,Female,Volkswagen,Storm,2014
Louise,Edwards,81,Female,Lincoln,Sierra 2500 HD Crew Cab,2020
Anna,Wheeler,45,Female,BMW,Dakota Club Cab,2006
Neil,Edwards,50,Male,Mercedes-Benz,Grand Caravan Passenger,2000
Natalie,Dodd,87,Female,BMW,tC,1994
Abigail,Harper,53,Female,Chevrolet,XJ,2010
Derek,Cook,61,Male,Toyota,Corvette,2002
Debra,Kelly,88,Female,Nissan,Dakota Regular Cab,1992
Phillip,Young,45,Male,Toyota,Envoy,2014
Kayleigh,Bond,45,Female,Chevrolet,Range Rover Sport,2000
Oliver,Cooper,77,Male,BMW,Tacoma Double Cab,2018
Ellie,Pollard,21,Female,Volvo,Mercedes-AMG CLS,2005
Jacob,Singh,34,Male,Audi,MX-5 Miata,2010
Karl,Patel,44,Male,Nissan,Aerio,2015
Leslie,Patel,27,Male,Ram,MAZDA6,2004
Katy,Williams,84,Female,Buick,Silverado 2500 Crew Cab,2001
Emily,Harding,82,Female,Toyota,Jetta,1992
Gillian,Turner,40,Female,Chevrolet,Yukon XL 2500,2018
Lauren,Ahmed,19,Female,Hyundai,Jetta III,1993
Damien,Warner,77,Male,Chevrolet,XC60,1998
Simon,Green,31,Male,Toyota,M,2004
Toby,Smith,43,Male,BMW,LaCrosse,2018
Beth,Davies,85,Female,Ram,MPV,2009
Jill,Gibson,40,Female,Isuzu,F250 Super Duty Super Cab,2014
Jonathan,Hunt,70,Male,Nissan,Silverado 1500 Crew Cab,2006
Lynn,Khan,75,Female,Ford,Club Wagon,2019
Gareth,Robinson,40,Male,Ford,Dawn,2017
Hilary,Knowles,55,Female,Chevrolet,G-Series 2500,2000
Mohammad,Brown,21,Male,GMC,500X,2012
Ruth,Campbell,60,Female,Volvo,Maxima,2009
Brian,Shepherd,84,Male,MAZDA,Accent,2016
Jason,Mitchell,65,Male,GMC,Express 1500 Passenger,2012
Pamela,Holt,64,Female,Volkswagen,V70,2013
Joe,Moore,74,Male,Lamborghini,Vandura G3500,2001
Paige,Wilson,69,Female,Lincoln,A4,2014
Raymond,Carter,70,Male,Porsche,Karma,2015
Mohammad,Marshall,70,Male,GMC,Express 2500 Cargo,1995
Danielle,Dickinson,59,Female,Pontiac,Dakota Quad Cab,1995
Maurice,Kirby,57,Male,Ford,Convertible,2000
Tracy,Miller,25,Female,Chevrolet,Tucson Fuel Cell,2008
Kathleen,Smith,43,Female,Volkswagen,Contour,2010
Aaron,Morgan,30,Male,Toyota,Yukon XL 2500,1999
Michael,Rahman,81,Male,Toyota,Continental,2012
Christian,Poole,46,Male,Acura,Seville,2016
Sean,Clark,34,Male,Chevrolet,Transit 150 Wagon,2010
Jordan,Vaughan,78,Male,Ford,RAV4 Hybrid,2020
Janice,Perry,34,Female,Kia,Sienna,1995
Leanne,Jackson,63,Female,Mercury,F450 Super Duty Crew Cab,2015
Benjamin,Mills,57,Male,BMW,L-Series,2005
Kieran,Hall,69,Male,Chevrolet,Silverado 1500 Regular Cab,2014
Jean,Singh,82,Female,Mercedes-Benz,Tahoe,2004
Joyce,Clements,53,Female,Jaguar,Cabriolet,2016
Tracey,Saunders,43,Female,Land Rover,Caravan Passenger,1996
Geoffrey,Richardson,39,Male,Cadillac,Range Rover Sport,2006
Hilary,Martin,59,Female,smart,Volt,2004
Mohamed,Walters,55,Male,Oldsmobile,GX,2003
Lee,Kennedy,91,Male,BMW,QX50,2003
Lesley,Talbot,79,Female,Lexus,Silverado 1500 Regular Cab,2000
Kayleigh,Bailey,29,Female,Mitsubishi,Equator Extended Cab,2018
Hannah,Begum,45,Female,Pontiac,Kona,2011
Beth,Webster,68,Female,Nissan,1500 Regular Cab,2017
Adrian,Gardner,47,Male,BMW,Eclipse,2007
Robin,O'Connor,34,Male,Ford,Lancer,1999
Bruce,Thomas,76,Male,Plymouth,Navigator L,2014
Diana,Edwards,71,Female,Ford,C-HR,2007
Russell,Williams,39,Male,INFINITI,Thunderbird,1992
Karl,Hall,22,Male,Saab,Ram Van 2500,2014
Samantha,Kirby,42,Female,Lincoln,1500 Regular Cab,2009
Catherine,Taylor,63,Female,Chevrolet,Grand Voyager,2009
Jay,Brown,50,Male,Rolls-Royce,XJ,2005
Zoe,Reynolds,64,Female,MAZDA,Suburban 1500,2011
Stacey,White,77,Female,Chevrolet,Colorado Regular Cab,2000
Colin,Carter,43,Male,MAZDA,Silverado 1500 Crew Cab,2003
Lee,Roberts,44,Male,Ford,Corrado,1999
Marcus,Wall,82,Male,INFINITI,Golf,2014
Joanne,Gregory,33,Female,Lotus,GT-R,2017
Christine,Mitchell,26,Female,Dodge,Thunderbird,2003
Georgia,Cooper,88,Female,Hyundai,H3,2005
Linda,Herbert,87,Female,Honda,500,1995
Brian,Simpson,63,Male,Ferrari,RL,2015
Joyce,Lucas,86,Female,GMC,Tacoma Regular Cab,2017
Mary,Marshall,81,Female,Dodge,500c,1993
Paula,Miles,73,Female,GMC,2500 Crew Cab,2006
Sam,Roberts,79,Male,Chevrolet,Durango,2005
Diana,Walsh,53,Female,Chevrolet,QX50,2016
Gareth,Hall,76,Male,Chevrolet,Continental,2004
Bradley,Wood,39,Male,Eagle,GTI,1997
Bradley,Finch,72,Male,Subaru,Paseo,1993
Timothy,Hall,84,Male,Buick,B-Series Regular Cab,2014
Jayne,McDonald,84,Female,Chevrolet,ProMaster 1500 Cargo,1997
Colin,Webster,20,Male,Chevrolet,Huracan,2001
Michelle,White,82,Female,Chevrolet,B-Class,2012
Stanley,Davies,19,Male,Mitsubishi,E250 Super Duty Cargo,2019
Fiona,Webb,49,Female,Porsche,Frontier King Cab,2014
Olivia,Cox,82,Female,Toyota,88,2001
Ross,Cook,34,Male,GMC,B-Series Cab Plus,2001
Neil,Kent,65,Male,Chevrolet,2500 Mega Cab,2001
Owen,Hunt,22,Male,Audi,Q70,2004
Emma,Davies,40,Female,Volvo,675LT,1996
Julian,Hughes,33,Male,Land Rover,Forenza,2015
Christine,Stevenson,20,Female,Chrysler,Expedition EL,2013
Sean,Roberts,87,Male,Ford,Quattroporte,2000
Donna,Burrows,54,Female,GMC,Acadia,2007
Dawn,Douglas,61,Female,Jeep,Q,1995
Charlie,Lloyd,36,Male,Mercury,A6,1992
Victoria,Martin,56,Female,Subaru,CR-V,1996
Abigail,Smith,35,Female,GMC,Expedition,1996
Shane,Stevenson,45,Male,Chrysler,S80,2001
Lindsey,Lowe,76,Female,Suzuki,Corvette,2000
Natalie,Evans,63,Female,Nissan,tC,2013
Nicola,Ryan,68,Female,Buick,Tracer,1992
Kyle,Brown,56,Male,Ford,SLC,2001
Damian,Graham,19,Male,Dodge,Azera,2016
Victor,Cross,88,Male,Oldsmobile,GLI,2001
Samantha,Bull,81,Female,Ford,Freestar Passenger,1992
Kelly,Cooper,34,Female,Ford,X3,1993
Melissa,Allen,28,Female,Mercury,Sonoma Regular Cab,1999
Georgina,Bradshaw,83,Female,Oldsmobile,3 Series,2001
Beverley,Smith,73,Female,MAZDA,Silverado 3500 HD Extended Cab,2000
Hannah,Fox,31,Female,GMC,Maxima,2000
Chloe,Palmer,78,Female,Oldsmobile,LS,2003
Alex,Wilson,40,Male,Dodge,MKZ,2013
Tina,Hussain,22,Female,BMW,F350 Super Duty Crew Cab,1996
Christopher,Roberts,50,Male,Acura,XK,1998
Albert,Marshall,46,Male,Chevrolet,Ghibli,2004
Leonard,Parsons,81,Male,Chevrolet,GTC4Lusso,2011
Mohamed,Peacock,69,Male,Oldsmobile,LS,2008
Richard,Hill,41,Male,Lincoln,Camaro,2015
Naomi,Brown,18,Female,Ford,Avalanche,1993
Norman,Bell,71,Male,Scion,California,2017
Jade,Hayes,52,Female,Plymouth,Ram 1500 Mega Cab,2011
Nigel,Jones,54,Male,Aston Martin,Phantom,2020
Fiona,Martin,87,Female,Lexus,F150 SuperCrew Cab,1992
Carole,Abbott,68,Female,Hyundai,ES,2008
Jane,Smith,79,Female,Mercury,Camry,2017
Bradley,Smith,64,Male,GMC,Golf,2017
Tina,Ahmed,26,Female,Chevrolet,E350 Super Duty Passenger,2013
Frederick,Macdonald,57,Male,Ford,Sidekick,2006
Natasha,Lewis,23,Female,Ford,Explorer,2002
Nathan,Harris,38,Male,Honda,Passat,1992
Joan,Johnson,65,Female,Toyota,Freestyle,2005
Kathryn,Coleman,87,Female,Ferrari,Ram 3500 Regular Cab,2001
Lynda,Williamson,58,Female,Lincoln,Navigator,2013
Stanley,White,64,Male,Lamborghini,Trax,1999
Leanne,Goddard,57,Female,Ford,Venture Passenger,2002
Douglas,Reynolds,31,Male,GMC,Ascent,2005
Angela,Barnett,28,Female,Dodge,CX-9,2014
Leon,Fisher,57,Male,Hyundai,Regular Cab,2005
Karl,Wood,63,Male,Cadillac,Canyon Extended Cab,1996
Leigh,Wright,75,Male,Volkswagen,Quattroporte,2002
Katherine,Barlow,56,Female,Porsche,2500 Club Coupe,1995
Roy,O'Neill,71,Male,Toyota,Wrangler,2019
Gordon,Murphy,41,Male,Mercedes-Benz,Kona,2005
Joel,Green,34,Male,Buick,Envoy,2019
Georgia,Patel,25,Female,GMC,88,2004
Sian,Parkin,75,Female,Mercury,Equinox,1993
Jodie,Buckley,33,Female,INFINITI,Park Avenue,2019
Rebecca,Robinson,58,Female,Nissan,Q5,1995
Georgina,Fuller,22,Female,Isuzu,Ram 3500 Regular Cab,2013
Guy,Jackson,36,Male,Subaru,Ram 1500 Regular Cab,1992
Keith,Jones,80,Male,Honda,Colorado Extended Cab,2019
Sylvia,Hobbs,29,Female,Ford,Explorer Sport Trac,2017
Jacqueline,Hughes,45,Female,Mercedes-Benz,GTI,2004
Abdul,Gray,79,Male,Cadillac,Cayenne,1999
Duncan,Walsh,44,Male,Chevrolet,Celica,2015
Simon,Adams,89,Male,Ford,Astro Cargo,2011
Jacqueline,Harrison,35,Female,MAZDA,Torrent,2019
Frances,Wood,19,Female,Chevrolet,A6,1993
Samantha,Russell,29,Female,GMC,Silverado 3500 Regular Cab,2000
Angela,Watson,76,Female,Toyota,QX60,2014
Kate,Gibbs,37,Female,Ford,MKS,2005
Ann,O'Brien,89,Female,Chrysler,S40,1999
George,Smith,45,Male,Cadillac,Outlook,2014
Alison,Cole,21,Female,BMW,Avalon,2008
Hannah,Hart,84,Female,Chrysler,Savana 3500 Cargo,2013
Lucy,Rhodes,48,Female,Ferrari,Renegade,2016
Janice,Daly,82,Female,Chevrolet,Express 1500 Cargo,2013
Michelle,Riley,41,Female,Jeep,i8,2018
Graham,Day,55,Male,BMW,Camry,2011
Lydia,Thomas,60,Female,Plymouth,G6,2010
Jason,Price,44,Male,Dodge,MAZDA5,2003
Iain,Bailey,57,Male,MINI,XC60,2015
Elizabeth,Godfrey,25,Female,Ford,Rodeo,2010
Georgina,Clark,51,Female,Ford,Sierra 1500 Extended Cab,2013
Declan,Stokes,42,Male,Ford,Crown Victoria,2008
Ian,Dale,53,Male,Lexus,Fox,2017
Kyle,Kelly,33,Male,Jeep,Impreza,2015
Gavin,Thorpe,86,Male,Chevrolet,Tercel,1994
Liam,Ball,67,Male,Toyota,Monterey,2006
Scott,Robinson,42,Male,Toyota,Savana 1500 Cargo,2002
Sally,Manning,39,Female,Toyota,Ranger Super Cab,1992
Chelsea,Kent,75,Female,Ford,Crosstrek,2019
Gareth,Johnson,33,Male,Maserati,Ranger Super Cab,2018
Wayne,Curtis,22,Male,Dodge,Ranger SuperCab,2011
Eileen,Hurst,50,Female,Chevrolet,Avenger,2017
Megan,Walsh,84,Female,Toyota,62,2015
Marcus,Jones,91,Male,MAZDA,911,2007
Stacey,Stewart,84,Female,Hyundai,Town & Country,2007
Arthur,Hopkins,40,Male,Porsche,Impala,2000
Stanley,Martin,65,Male,Mercedes-Benz,1500 Quad Cab,2018
Catherine,John,91,Female,Subaru,Fusion Energi,2005
Clive,Jackson,78,Male,Toyota,Continental,2010
Suzanne,Thomas,58,Female,Lexus,Forester,2001
Raymond,Davis,43,Male,Mercedes-Benz,M,2019
Damian,Lewis,65,Male,INFINITI,Camaro,2010
Michelle,Fraser,65,Female,Acura,Sprinter 2500 Cargo,1998
Heather,Reynolds,49,Female,Porsche,Cayenne,2015
Callum,Holland,75,Male,Mitsubishi,SC,1992
Sam,Young,31,Male,Audi,E-Class,2014
Kate,Fisher,71,Female,Audi,Versa Note,2015
Alan,Davis,33,Male,Lexus,Titan Crew Cab,2011
Jason,Wyatt,26,Male,Chrysler,MX-5 Miata,1993
Stanley,Jackson,81,Male,GMC,CR-V,2008
Lindsey,Smith,91,Female,Chrysler,Navajo,2017
Mitchell,Baker,78,Male,Dodge,Sierra 3500 HD Crew Cab,2012
Anthony,Clark,51,Male,Lexus,Silverado 2500 Extended Cab,1995
Elliot,Freeman,83,Male,Ferrari,S-Type,1994
Conor,Green,68,Male,Subaru,Windstar Cargo,2011
Rebecca,Richards,55,Female,Volvo,Ghibli,2011
Brandon,Parker,85,Male,Plymouth,GLS,1995
Lisa,Smith,45,Female,BMW,Avalon,1999
Christian,Smart,68,Male,MINI,TSX,1993
John,Davies,45,Male,Buick,New Beetle,2015
Sam,Berry,25,Male,Geo,A-Class,1993
Janet,Bennett,34,Female,Nissan,Rally Wagon 3500,2014
Adam,Pearson,67,Male,GMC,Sprinter WORKER Cargo,2011
Charlie,Whitehead,44,Male,Mitsubishi,Wrangler Unlimited,2004
Patrick,Bell,83,Male,Nissan,Stinger,2009
Luke,Clements,73,Male,Volkswagen,MKS,1995
Kate,Harvey,68,Female,INFINITI,Rendezvous,1996
Damian,Hall,45,Male,Nissan,MR2,2015
Patrick,Price,27,Male,Toyota,S-Type,2013
Naomi,Payne,72,Female,Buick,Silverado 3500 Regular Cab,2006
Maureen,Craig,69,Female,Audi,M3,2003
Hayley,Rogers,25,Female,GMC,Suburban 2500,2020
Alexander,Taylor,75,Male,BMW,RX,2014
Margaret,Bishop,78,Female,GMC,Ram Wagon B350,2005
Mitchell,Sinclair,26,Male,Buick,S90,2013
Anna,Young,86,Female,INFINITI,Freestyle,2006
Leigh,Thompson,70,Male,Honda,Corvette,1999
Alice,Holden,40,Female,Mercedes-Benz,Routan,2016
Anne,Price,74,Female,MAZDA,Range Rover,2016
George,Adams,87,Male,GMC,Genesis Coupe,2005
Rebecca,Rees,52,Female,Honda,X-Type,2018
Kayleigh,Hooper,25,Female,Volkswagen,Regular Cab,2020
Connor,Brown,69,Male,Subaru,Suburban 2500,2007
Simon,Roberts,91,Male,Lincoln,EX,2012
Alice,Burgess,20,Female,GMC,E150 Cargo,2018
Adam,Ali,19,Male,GMC,B-Series Regular Cab,2000
Brandon,Moore,49,Male,Chevrolet,Tundra Double Cab,1995
Bruce,Bird,33,Male,Audi,R8,1992
Paula,Jones,39,Female,Kia,Aveo,1993
James,Thomson,36,Male,Chevrolet,M5,2005
Richard,Edwards,53,Male,Subaru,Civic Type R,2010
Carole,Young,79,Female,Mercedes-Benz,A8,2018
Sarah,Dixon,64,Female,Subaru,GX,2011
Ashley,Wade,87,Male,Scion,MX-6,2016
Connor,Wood,87,Male,Saab,Camry,2007
Maurice,Turner,60,Male,Chevrolet,Rogue,1994
Alice,King,60,Female,Chevrolet,Econoline E150 Passenger,2014
Caroline,Jones,55,Female,Chrysler,MAZDA2,2019
Alison,Shah,20,Female,Mercedes-Benz,Fit,2006
Marilyn,Taylor,67,Female,Chevrolet,1500 Crew Cab,2017
Stephanie,Williams,65,Female,Suzuki,E150 Super Duty Passenger,2018
Joanne,Morgan,55,Female,Ram,Eclipse,1992
Sara,Ball,50,Female,Mitsubishi,MPV,2002
Frank,Pearson,88,Male,BMW,Accord,2019
Georgina,Roberts,44,Female,Land Rover,XC60,2015
Emily,Smith,58,Female,BMW,Rio,2001
Lewis,James,30,Male,Chrysler,ES,2009
Dominic,Stewart,22,Male,Nissan,Lucerne,2016
Kelly,Davey,81,Female,Dodge,Q,1993
Susan,Watson,38,Female,Toyota,Sierra 3500 HD Regular Cab,1997
Beth,Peters,68,Female,GMC,Compass,1992
Damien,Marsh,33,Male,Kia,R8,2013
Lynne,Henderson,40,Female,Maybach,1500 Regular Cab,2000
Rachel,Parkinson,85,Female,Chevrolet,IS,2017
Denise,Johnson,29,Female,Chevrolet,DTS,2000
Angela,Gregory,85,Female,Chevrolet,Civic,2010
Emma,Walker,83,Female,Chevrolet,Q5,2001
Dean,Smith,77,Male,Chevrolet,Q3,1997
Alison,Taylor,48,Female,Mitsubishi,Charger,2013
Barbara,Stone,89,Female,Dodge,MKT,2004
Natalie,Brown,74,Female,Chevrolet,Riviera,1993
Denise,Barber,77,Female,Nissan,Ghost,2016
Terence,Martin,91,Male,Chevrolet,Verano,2008
Elliott,Lowe,36,Male,Volvo,Mercedes-AMG CLA,2020
Craig,Green,30,Male,INFINITI,CLS,2001
Kenneth,Green,33,Male,Subaru,X4,2018
Danny,Brown,46,Male,Kia,RAV4,2016
Iain,Moore,68,Male,Kia,Colt,2015
Adam,Bennett,85,Male,Chevrolet,Montero,2019
Tina,Bowen,32,Female,MINI,Intrigue,2005
Neil,Morley,86,Male,Nissan,Frontier King Cab,2010
Jacob,Brooks,44,Male,Chevrolet,Sprinter 3500 Cargo,1999
Neil,Jennings,41,Male,Ford,TrailBlazer,2012
Karl,Phillips,48,Male,BMW,iA,2008
Valerie,Davies,20,Female,Chevrolet,F350 Super Duty Crew Cab,2016
Kyle,Clements,86,Male,Isuzu,Blazer,2008
Daniel,Norman,86,Male,GMC,Crown Victoria,2005
Roger,Jones,38,Male,MAZDA,C-Class,2014
Glen,Harrison,59,Male,Chevrolet,Ghibli,1998
Derek,Lowe,45,Male,Ford,Mustang,2000
Clive,Mitchell,70,Male,INFINITI,Amigo,2005
Aimee,Cole,72,Female,Ford,500 Abarth,1998
Sylvia,O'Donnell,88,Female,Volkswagen,Mercedes-AMG GLC,2014
Adam,Clark,25,Male,Nissan,A8,2018
Kirsty,Hall,71,Female,Toyota,Matrix,2010
Rosie,Allen,49,Female,Saab,Savana 2500 Passenger,2005
Jeffrey,Phillips,48,Male,Suzuki,S-Series,1994
Ruth,Morgan,80,Female,BMW,Firebird,2003
Russell,Doyle,80,Male,Acura,Savana 2500 Cargo,2011
Katy,Smith,59,Female,MAZDA,CR-V,2017
Raymond,Stephens,57,Male,Ford,SX4,2009
Josh,Richards,88,Male,Ford,Ram 3500 Mega Cab,2003
Louise,Swift,83,Female,Kia,Colorado Extended Cab,2014
Jonathan,Jones,62,Male,Volkswagen,CT,2019
Ashley,Harrison,86,Male,Hyundai,Celica,2000
Tom,Richardson,82,Male,Aston Martin,200,2002
Amanda,Jackson,37,Female,Porsche,Passat,2010
Brian,Glover,59,Male,BMW,LR4,2002
Damien,Kelly,39,Male,Chevrolet,Raider Double Cab,2007
Nicole,Newman,35,Female,Acura,Rogue,2019
Lauren,Carpenter,66,Female,Jaguar,Venture Cargo,2014
Julia,Reynolds,32,Female,Mercedes-Benz,Aveo,2006
Leon,Elliott,34,Male,Acura,Century,2004
Jane,Carr,78,Female,Ford,Mercedes-AMG GLE,2008
Jake,Nash,85,Male,Chevrolet,Rondo,2020
Richard,Gallagher,60,Male,Toyota,Sierra 3500 HD Crew Cab,2019
Joel,Wall,42,Male,Toyota,Prizm,1995
Hilary,Walker,73,Female,INFINITI,Outback,1993
Jacqueline,Cooper,64,Female,BMW,Sierra 2500 HD Crew Cab,2020
Justin,Parker,81,Male,Chevrolet,6 Series,2016
Lesley,Wilson,45,Female,Toyota,TT,2001
Vanessa,Morton,82,Female,Cadillac,Sierra (Classic) 3500 Crew Cab,1997
Angela,Brooks,33,Female,Buick,Altima,1996
Leanne,King,22,Female,Saab,C-MAX Hybrid,1993
Nathan,Burrows,67,Male,Dodge,Viper,2020
Josephine,Hart,65,Female,Ford,Silverado 2500 HD Crew Cab,2004
Amanda,Powell,37,Female,Mitsubishi,Sierra 1500 Crew Cab,2008
Harriet,Freeman,32,Female,Honda,Yukon,1996
Norman,Frost,72,Male,Mercury,62,2014
Jill,Roberts,35,Female,Land Rover,E150 Super Duty Passenger,2019
Lynda,Harrison,84,Female,Audi,H1,2010
Rita,Hall,66,Female,Toyota,Colorado Crew Cab,1994
Adrian,Wright,51,Male,Mercedes-Benz,Escape,2013
Phillip,Robson,69,Male,Ford,Malibu,2020
Martyn,Greenwood,24,Male,Mercury,Silverado 3500 HD Extended Cab,2020
Anna,Bull,49,Female,Ford,Grand Voyager,2018
Graeme,Butler,91,Male,Geo,Seville,2013
Alex,Gill,53,Male,Hyundai,Mercedes-AMG CLA,1992
Craig,Stewart,51,Male,GMC,Avalanche 2500,2019
Alison,Dunn,54,Female,Lincoln,718 Cayman,2009
Dean,Miller,74,Male,Oldsmobile,Explorer,2001
Lee,Fowler,49,Male,MAZDA,Silverado 1500 Crew Cab,2016
Nicole,Jackson,48,Female,Nissan,Spark,2010
Paula,Smith,75,Female,GMC,F150 SuperCrew Cab,2009
Jeremy,Blake,47,Male,Oldsmobile,F250 Super Duty Regular Cab,2000
Phillip,Edwards,50,Male,Audi,2500 Crew Cab,2020
Melissa,Walton,30,Female,Volkswagen,Armada,1998
Lewis,Bentley,49,Male,Toyota,458 Spider,2020
Steven,Field,25,Male,Buick,Avenger,1998
Wendy,Waters,63,Female,Chevrolet,Q,2011
Danielle,Griffiths,19,Female,Chevrolet,Bonneville,1996
Victor,Gough,51,Male,Mercury,iA,2001
George,Leach,91,Male,Dodge,Convertible,1994
Aimee,Jackson,55,Female,Jaguar,Grand Cherokee,2004
Pamela,Ahmed,28,Female,Honda,Navigator L,2010
Alan,Martin,73,Male,Toyota,Santa Fe,2015
Jean,Scott,23,Female,Chevrolet,LeBaron,1996
Martin,Oliver,85,Male,Honda,Quest,2017
Abbie,Turner,51,Female,Ford,Rio,2010
Allan,Parker,51,Male,Subaru,F450 Super Duty Crew Cab,2006
Arthur,Hill,44,Male,FIAT,Boxster,1994
Aimee,Frost,36,Female,Honda,Outlander,2011
Malcolm,Saunders,83,Male,Dodge,Versa,2019
Kyle,Perry,76,Male,Pontiac,Freestyle,2018
Rachel,Mitchell,73,Female,Mitsubishi,MKT,2014
Brett,Whittaker,36,Male,Toyota,Quest,2015
Beverley,Hughes,91,Female,Ford,XJ,2015
Francesca,Smith,30,Female,Mitsubishi,Discovery Sport,1995
Benjamin,Wilson,43,Male,Toyota,2500 Club Coupe,1996
Lisa,Walsh,47,Female,Nissan,968,1997
Samuel,Tomlinson,58,Male,HUMMER,Crossfire,2017
Ian,Bailey,62,Male,Acura,968,2019
Yvonne,Mitchell,70,Female,Chevrolet,RDX,2017
Harry,Jones,46,Male,Chevrolet,1 Series,1996
Charlene,Browne,80,Female,Hyundai,Aurora,1993
Bethan,Waters,28,Female,Nissan,Range Rover,2011
Jane,Ahmed,77,Female,Jaguar,Explorer Sport Trac,2019
Ann,Walsh,62,Female,Hyundai,MDX,2001
Lewis,Clarke,80,Male,Chevrolet,Mercedes-AMG GLC Coupe,2006
Glenn,Harris,65,Male,Pontiac,G-Class,1998
Max,Jones,37,Male,Audi,Impreza,2014
Abigail,Webb,56,Female,Dodge,B-Series Regular Cab,1996
Karen,Warner,19,Female,Dodge,Tacoma Access Cab,2019
Alice,Moore,89,Female,Ford,GL-Class,2010
Ben,Davidson,58,Male,Oldsmobile,Challenger,2020
Deborah,Roberts,37,Female,Chevrolet,Suburban 1500,1992
Laura,Williamson,51,Female,Acura,Laser,2002
Sophie,Carr,36,Female,Lexus,Sierra 1500 Crew Cab,2007
Jeffrey,Howard,90,Male,GMC,Highlander,2004
Yvonne,Marshall,37,Female,Jaguar,F450 Super Duty Crew Cab,2011
Robin,Campbell,58,Male,Toyota,XC40,1996
Pamela,Gray,87,Female,Land Rover,Matrix,2000
Annette,Bennett,22,Female,INFINITI,Eclipse,1998
Suzanne,Clark,90,Female,Toyota,ES,2000
Ellie,Gardner,36,Female,Chevrolet,Tacoma Xtracab,2001
Darren,Murray,61,Male,Volkswagen,7 Series,2019
Kyle,Miller,34,Male,Chevrolet,NV200,2009
Peter,Ashton,45,Male,Lincoln,CX-9,2011
Jamie,Ross,80,Male,Toyota,G90,2007
Donald,Hudson,27,Male,Land Rover,Aspire,2015
Francis,Frost,21,Male,Lincoln,Torrent,2018
Beverley,Newman,55,Female,Dodge,Escalade ESV,2010
Ryan,Brown,50,Male,BMW,500e,1995
Colin,Miller,63,Male,Plymouth,F-TYPE,2011
June,Preston,73,Female,Mitsubishi,S4,1994
Paige,Bradshaw,23,Female,BMW,Tundra Regular Cab,2009
Sam,Hunter,18,Male,Nissan,Voyager,2010
Jodie,Johnston,22,Female,Ford,Sierra 2500 HD Crew Cab,2007
Dorothy,Quinn,54,Female,Isuzu,Sierra 2500 HD Regular Cab,2005
Ruth,Read,22,Female,Nissan,LR2,2017
Aimee,Martin,88,Female,Toyota,Cabriolet,1996
Nigel,Hilton,44,Male,Buick,Camry,2008
Francesca,Barton,56,Female,Ford,Tacoma Access Cab,2017
Catherine,Read,53,Female,Suzuki,Dakota Crew Cab,2000
Tina,Bishop,36,Female,Hyundai,Viper,2007
Joanne,Smith,44,Female,Porsche,R8,2001
Yvonne,Phillips,58,Female,GMC,Previa,2006
David,Stone,50,Male,Volkswagen,Town & Country,2007
Craig,Thomas,53,Male,Toyota,B-Series Regular Cab,2017
Abigail,Graham,83,Female,Jaguar,G-Series G20,1992
Hayley,Jones,65,Female,Chevrolet,Passat,2008
Dorothy,Roberts,41,Female,Lincoln,Sequoia,2017
Kathleen,Armstrong,72,Female,Lexus,Express 3500 Passenger,2019
Hayley,Kerr,36,Female,Saturn,RX-7,2008
Christian,Dawson,50,Male,GMC,F150 Super Cab,2002
Callum,Heath,85,Male,GMC,Touareg 2,2009
Stephanie,Wallis,33,Female,GMC,Corvette,2010
Melissa,Gilbert,85,Female,GMC,Santa Fe,2013
Emma,Jones,23,Female,INFINITI,Q,1994
Guy,Gray,34,Male,Chevrolet,Taurus,2001
Marcus,Smith,57,Male,Oldsmobile,i3,2001
Christian,Thorpe,91,Male,Jeep,NV200,1997
Lee,John,44,Male,Ram,Santa Fe,1994
Benjamin,Thomas,22,Male,Chevrolet,A4,2011
Hayley,Singh,59,Female,Volvo,Ram Wagon 1500,2009
Cheryl,Palmer,85,Female,Subaru,Savana 1500 Passenger,2015
Chelsea,Davies,61,Female,Dodge,1500 Regular Cab,1999
Leonard,Ali,84,Male,Toyota,ProMaster 2500 Cargo,2006
Irene,Reynolds,34,Female,GMC,Supra,2000
Samantha,Webb,51,Female,MAZDA,Camry,2012
Charlene,Law,20,Female,Volvo,2500 Mega Cab,2014
Ryan,Collins,87,Male,Volvo,Mercedes-AMG C-Class,1992
John,Butler,71,Male,Audi,Tundra Regular Cab,2016
Kate,Field,78,Female,BMW,Lancer,2001
Irene,Collier,20,Female,Mitsubishi,Tacoma Regular Cab,2015
Nicole,Fuller,22,Female,Suzuki,ILX,2007
Marcus,Barker,60,Male,Lexus,Edge,2002
Leon,Thomas,24,Male,Ford,F150 SuperCrew Cab,1994
Sandra,Williams,50,Female,Jeep,Z4 M,1998
Joel,Perry,85,Male,Toyota,Metris Passenger,2020
Clive,Perry,27,Male,Chevrolet,Tribute,1999
Denis,Kaur,58,Male,Nissan,Aveo,1999
Amy,Roberts,35,Female,Toyota,Crossfire,2008
Lewis,Pearson,49,Male,Audi,MKX,2016
Danny,Jackson,19,Male,Mercedes-Benz,fortwo,2007
Natalie,Jones,50,Female,Chevrolet,S10 Extended Cab,1997
Leon,Miller,64,Male,Oldsmobile,Eclipse,1992
Amelia,Lewis,77,Female,Maserati,G-Series 1500,2014
Eric,Coates,34,Male,MAZDA,CL-Class,2000
Simon,Holmes,45,Male,Land Rover,CR-Z,2000
Phillip,Parsons,59,Male,Kia,Stratus,2010
Ashley,Skinner,37,Male,Dodge,S40,2018
Mark,Potts,24,Male,Volkswagen,M3,2018
Hazel,Chapman,23,Female,Lexus,Raider Double Cab,1993
Kieran,Arnold,67,Male,Ford,370Z,2014
Anne,Miller,73,Female,Volkswagen,S80,1994
Emma,Jones,80,Female,Cadillac,F450 Super Duty Crew Cab,2015
Graeme,Palmer,84,Male,MAZDA,S4,2004
Malcolm,Webb,29,Male,Ford,Venza,2017
Dylan,Robinson,48,Male,Bentley,Alero,2004
Leslie,Palmer,29,Male,Nissan,Discovery Series II,2003
Wendy,James,66,Female,GMC,F150 SuperCrew Cab,1996
Joe,Robinson,62,Male,Nissan,LeSabre,2011
Kelly,Norton,48,Female,GMC,ES,2010
Albert,Williams,70,Male,Dodge,TITAN Single Cab,2019
Gareth,Clark,69,Male,Nissan,Pacifica,1995
Martin,O'Sullivan,27,Male,Saturn,LHS,2003
Charlene,Simpson,39,Female,Dodge,Vandura 2500,2016
Guy,Edwards,85,Male,Toyota,Mercedes-AMG CLS,2019
Maurice,Stokes,80,Male,Suzuki,FJ Cruiser,2012
Sophie,Rose,18,Female,GMC,Sonata Hybrid,2007
Cheryl,Williams,91,Female,Honda,QX60,2020
Lawrence,Cook,75,Male,Volvo,Savana 3500 Passenger,1998
Justin,King,18,Male,Dodge,Maxima,1992
Joanne,Martin,63,Female,Acura,Spark EV,2014
Trevor,Young,24,Male,Ferrari,Pathfinder,1996
Pauline,Moore,27,Female,Buick,allroad,1998
Shane,Hughes,80,Male,Jaguar,1500 Regular Cab,1999
Diana,Davies,82,Female,Subaru,Sierra 1500 Extended Cab,1995
Jessica,Owen,58,Female,Porsche,Passat,2009
Gillian,Herbert,86,Female,Chevrolet,Range Rover,2020
Shannon,Barrett,26,Female,Volvo,Supra,2018
Barbara,Clarke,51,Female,INFINITI,HR-V,1999
Kayleigh,Hewitt,35,Female,Ford,Ranger Super Cab,2015
